"type","durationMinutes","startTime","endTime","startNum","endNum","eventDO"
"Moderate",194.999999997162,"2009-06-28 09:00:00","2009-06-28 12:15:00",39.5161,39.51647,2.815
"Moderate",104.999999998472,"2009-07-16 13:46:00","2009-07-16 15:31:00",39.56596,39.56615,2.65333333333333
"Moderate",194.999999997162,"2012-06-15 15:16:00","2012-06-15 18:31:00",42.48393,42.48431,2.82214285714286
"Moderate",90.0000000024249,"2019-07-26 13:16:00","2019-07-26 14:46:00",49.59877,49.59895,2.89428571428571
"Moderate",180.000000001115,"2020-07-17 03:31:00","2020-07-17 06:31:00",50.57574,50.57609,2.74538461538462
"Marginal",89.9999999986903,"2009-05-21 14:46:00","2009-05-21 16:16:00",39.41264,39.41282,3.64142857142857
"Marginal",74.9999999989086,"2009-05-22 15:01:00","2009-05-22 16:16:00",39.41541,39.41556,3.91333333333333
"Marginal",240.000000000242,"2009-05-29 08:15:00","2009-05-29 12:15:00",39.43382,39.43428,3.70777777777778
"Marginal",74.9999999989086,"2009-05-30 11:00:00","2009-05-30 12:15:00",39.43687,39.43701,3.84
"Marginal",239.999999996508,"2009-05-30 23:15:00","2009-05-31 03:15:00",39.43827,39.43873,3.716
"Marginal",239.000000003244,"2009-06-27 20:01:00","2009-06-28",39.51461,39.51507,3.963
"Marginal",194.999999997162,"2009-06-28 09:00:00","2009-06-28 12:15:00",39.5161,39.51647,2.815
"Marginal",60.9999999998593,"2009-06-28 14:15:00","2009-06-28 15:16:00",39.5167,39.51681,3.7975
"Marginal",105.999999999204,"2009-07-16 14:15:00","2009-07-16 16:01:00",39.56601,39.56621,2.84714285714286
"Marginal",149.000000000819,"2009-07-16 21:31:00","2009-07-17",39.56684,39.56712,3.63
"Marginal",210.000000000679,"2010-07-07 14:30:00","2010-07-07 18:00:00",40.54138,40.54178,3.58133333333333
"Marginal",75.0000000026432,"2010-07-18 12:45:00","2010-07-18 14:00:00",40.57132,40.57146,3.87166666666667
"Marginal",74.9999999989086,"2011-07-07 11:46:00","2011-07-07 13:01:00",41.54107,41.54121,3.95833333333333
"Marginal",134.999999998035,"2011-07-31 06:30:00","2011-07-31 08:45:00",41.60622,41.60648,3.878
"Marginal",135.00000000177,"2011-08-02 08:15:00","2011-08-02 10:30:00",41.6119,41.61216,3.935
"Marginal",165.000000001334,"2011-09-04 12:31:00","2011-09-04 15:16:00",41.7028,41.70311,3.77
"Marginal",104.999999998472,"2012-06-14 16:46:00","2012-06-14 18:31:00",42.48137,42.48157,3.95875
"Marginal",239.999999996508,"2012-06-15 01:46:00","2012-06-15 05:46:00",42.48239,42.48285,3.66352941176471
"Marginal",284.999999999587,"2012-06-15 15:01:00","2012-06-15 19:46:00",42.48391,42.48445,3.1205
"Marginal",164.999999997599,"2012-07-12 13:31:00","2012-07-12 16:16:00",42.55771,42.55802,3.60583333333333
"Marginal",374.999999998278,"2012-07-12 22:46:00","2012-07-13 05:01:00",42.55876,42.55948,3.50153846153846
"Marginal",225.00000000046,"2012-07-13 14:31:00","2012-07-13 18:16:00",42.56056,42.56099,3.36125
"Marginal",90.0000000024249,"2012-07-14 14:46:00","2012-07-14 16:16:00",42.56333,42.5635,3.84857142857143
"Marginal",180.000000001115,"2012-07-25 21:46:00","2012-07-26 00:46:00",42.59427,42.59461,3.97846153846154
"Marginal",150.000000005286,"2012-08-04 08:01:00","2012-08-04 10:31:00",42.62009,42.62038,3.76636363636364
"Marginal",134.999999998035,"2012-08-13 02:46:00","2012-08-13 05:01:00",42.64415,42.64441,3.771
"Marginal",210.000000000679,"2013-06-04 15:16:00","2013-06-04 18:46:00",43.4538,43.4542,3.55266666666667
"Marginal",180.000000001115,"2013-07-13 08:46:00","2013-07-13 11:46:00",43.5599,43.56025,3.78769230769231
"Marginal",59.9999999991269,"2014-07-17 10:46:00","2014-07-17 11:46:00",44.57109,44.57121,3.988
"Marginal",164.999999997599,"2016-06-27 11:01:00","2016-06-27 13:46:00",46.51907,46.51938,3.83583333333333
"Marginal",195.000000000897,"2016-07-02 03:16:00","2016-07-02 06:31:00",46.53188,46.53225,3.66357142857143
"Marginal",59.9999999953923,"2016-07-02 08:46:00","2016-07-02 09:46:00",46.53251,46.53262,3.916
"Marginal",359.999999998496,"2016-07-25 08:46:00","2016-07-25 14:46:00",46.59552,46.59621,3.792
"Marginal",269.999999999806,"2017-07-27 09:46:00","2017-07-27 14:16:00",47.60111,47.60163,3.88842105263158
"Marginal",329.999999998932,"2017-08-22 06:46:00","2017-08-22 12:16:00",47.67201,47.67263,3.88304347826087
"Marginal",74.999999995174,"2017-08-28 13:16:00","2017-08-28 14:31:00",47.68919,47.68933,4.01333333333333
"Marginal",225.00000000046,"2017-09-03 15:31:00","2017-09-03 19:16:00",47.70588,47.70631,3.385
"Marginal",269.999999999806,"2018-06-20 10:16:00","2018-06-20 14:46:00",48.4998,48.50032,3.56789473684211
"Marginal",450.000000000921,"2018-06-25 02:01:00","2018-06-25 09:31:00",48.51256,48.51342,3.39387096774194
"Marginal",104.999999998472,"2018-06-25 15:16:00","2018-06-25 17:01:00",48.51407,48.51427,3.705
"Marginal",119.999999998254,"2018-06-26 05:31:00","2018-06-26 07:31:00",48.5157,48.51593,3.93222222222222
"Marginal",299.999999999369,"2018-06-28 17:01:00","2018-06-28 22:01:00",48.52249,48.52306,3.3852380952381
"Marginal",420.000000001357,"2018-06-29 04:46:00","2018-06-29 11:46:00",48.52383,48.52463,3.41551724137931
"Marginal",135.00000000177,"2018-07-01 08:01:00","2018-07-01 10:16:00",48.52968,48.52994,3.856
"Marginal",135.00000000177,"2018-07-03 09:16:00","2018-07-03 11:31:00",48.5353,48.53556,3.98
"Marginal",165.000000001334,"2018-07-04 10:16:00","2018-07-04 13:01:00",48.53816,48.53847,3.91083333333333
"Marginal",284.999999995853,"2018-08-19 12:31:00","2018-08-19 17:16:00",48.66444,48.66498,3.8645
"Marginal",255.000000003758,"2018-08-20 00:46:00","2018-08-20 05:01:00",48.66584,48.66633,3.665
"Marginal",179.999999997381,"2019-07-25 12:01:00","2019-07-25 15:01:00",49.59589,49.59623,3.62923076923077
"Marginal",225.00000000046,"2019-07-26 12:46:00","2019-07-26 16:31:00",49.59872,49.59915,3.196875
"Marginal",314.999999999151,"2019-07-27 00:01:00","2019-07-27 05:16:00",49.6,49.6006,3.23136363636364
"Marginal",165.000000005068,"2019-07-27 13:31:00","2019-07-27 16:16:00",49.60154,49.60186,3.52416666666667
"Marginal",195.000000000897,"2019-07-28 02:31:00","2019-07-28 05:46:00",49.60303,49.6034,3.80285714285714
"Marginal",89.9999999986903,"2019-07-29 15:01:00","2019-07-29 16:31:00",49.60719,49.60736,3.85857142857143
"Marginal",240.000000003977,"2019-07-30 04:46:00","2019-07-30 08:46:00",49.60876,49.60922,3.82823529411765
"Marginal",285.000000003322,"2019-08-28 04:01:00","2019-08-28 08:46:00",49.68813,49.68867,3.7235
"Marginal",180.000000001115,"2020-06-27 10:31:00","2020-06-27 13:31:00",50.52175,50.52209,3.82538461538462
"Marginal",180.000000001115,"2020-07-14 13:31:00","2020-07-14 16:31:00",50.56867,50.56901,3.31384615384615
"Marginal",315.000000002885,"2020-07-17 01:46:00","2020-07-17 07:01:00",50.57554,50.57614,3.07136363636364
"Marginal",344.999999998714,"2021-06-25 05:46:00","2021-06-25 11:31:00",51.51573,51.51638,3.82791666666667
"Marginal",225.00000000046,"2021-07-15 09:01:00","2021-07-15 12:46:00",51.57089,51.57132,3.64125
"Marginal",269.999999999806,"2021-07-16 09:31:00","2021-07-16 14:01:00",51.57369,51.5742,3.40315789473684
"Marginal",134.999999998035,"2021-08-30 13:01:00","2021-08-30 15:16:00",51.69738,51.69763,3.831
"Marginal",89.9999999986903,"2022-06-22 23:00:00","2022-06-23 00:30:00",52.50947,52.50965,3.7
"Marginal",135.00000000177,"2022-06-24 15:30:00","2022-06-24 17:45:00",52.5141,52.51436,3.775
"Marginal",390.000000001794,"2022-06-25 14:45:00","2022-06-25 21:15:00",52.51675,52.51749,3.87666666666667
"Marginal",420.000000001357,"2022-06-26 15:00:00","2022-06-26 22:00:00",52.51952,52.52032,3.66931034482759
"Marginal",104.999999994737,"2022-07-13 05:30:00","2022-07-13 07:15:00",52.56501,52.56521,4.0275
"Marginal",164.999999997599,"2024-06-21 04:45:00","2024-06-21 07:30:00",54.50739,54.50771,3.76083333333333
"Marginal",150.000000001552,"2024-07-09 08:15:00","2024-07-09 10:45:00",54.55711,54.55739,3.86272727272727
"Marginal",105.000000002207,"2024-07-10 09:45:00","2024-07-10 11:30:00",54.56002,54.56022,3.8725
"Marginal",74.9999999989086,"2024-08-09 12:15:00","2024-08-09 13:30:00",54.64249,54.64264,3.95666666666667
"Sub-Optimal",194.999999997162,"2009-04-24 16:01:00","2009-04-24 19:16:00",39.33881,39.33919,4.47833333333333
"Sub-Optimal",224.999999996726,"2009-05-21 14:46:00","2009-05-21 18:31:00",39.41264,39.41307,4.109375
"Sub-Optimal",89.9999999986903,"2009-05-22 01:15:00","2009-05-22 02:45:00",39.41384,39.41401,4.26142857142857
"Sub-Optimal",75.999999999641,"2009-05-22 05:45:00","2009-05-22 07:01:00",39.41436,39.4145,4.818
"Sub-Optimal",269.999999999806,"2009-05-22 14:46:00","2009-05-22 19:16:00",39.41538,39.4159,4.28882352941176
"Sub-Optimal",75.0000000026432,"2009-05-23 02:30:00","2009-05-23 03:45:00",39.41672,39.41687,4.82333333333333
"Sub-Optimal",256.000000000756,"2009-05-24 03:15:00","2009-05-24 07:31:00",39.41955,39.42004,4.74
"Sub-Optimal",74.9999999989086,"2009-05-25 17:16:00","2009-05-25 18:31:00",39.42389,39.42403,4.81833333333333
"Sub-Optimal",464.999999996968,"2009-05-26 04:30:00","2009-05-26 12:15:00",39.42517,39.42606,4.53590909090909
"Sub-Optimal",119.999999998254,"2009-05-26 18:01:00","2009-05-26 20:01:00",39.42671,39.42694,4.724
"Sub-Optimal",390.000000001794,"2009-05-28 05:45:00","2009-05-28 12:15:00",39.43079,39.43154,4.38941176470588
"Sub-Optimal",269.000000002808,"2009-05-28 20:01:00","2009-05-29 00:30:00",39.43242,39.43293,4.5525
"Sub-Optimal",313.999999998418,"2009-05-29 07:01:00","2009-05-29 12:15:00",39.43368,39.43428,3.95846153846154
"Sub-Optimal",224.000000003463,"2009-05-29 22:16:00","2009-05-30 02:00:00",39.43542,39.43584,4.32866666666667
"Sub-Optimal",255.000000000024,"2009-05-30 08:00:00","2009-05-30 12:15:00",39.43653,39.43701,4.077
"Sub-Optimal",106.000000002939,"2009-05-30 14:15:00","2009-05-30 16:01:00",39.43724,39.43744,4.79428571428571
"Sub-Optimal",494.000000003268,"2009-05-30 22:16:00","2009-05-31 06:30:00",39.43816,39.4391,4.122
"Sub-Optimal",180.000000001115,"2009-05-31 09:00:00","2009-05-31 12:00:00",39.43938,39.43973,4.82
"Sub-Optimal",105.999999999204,"2009-05-31 14:15:00","2009-05-31 16:01:00",39.43998,39.44018,4.85142857142857
"Sub-Optimal",298.999999998637,"2009-06-24 07:16:00","2009-06-24 12:15:00",39.50494,39.50551,4.92416666666667
"Sub-Optimal",194.999999997162,"2009-06-26 18:16:00","2009-06-26 21:31:00",39.51167,39.51205,4.91833333333333
"Sub-Optimal",405.000000001576,"2009-06-27 05:30:00","2009-06-27 12:15:00",39.51296,39.51373,4.46111111111111
"Sub-Optimal",75.9999999959064,"2009-06-27 14:15:00","2009-06-27 15:31:00",39.51396,39.5141,4.506
"Sub-Optimal",1018.99999999936,"2009-06-27 19:16:00","2009-06-28 12:15:00",39.51453,39.51647,4.1822
"Sub-Optimal",120.999999998986,"2009-06-28 14:15:00","2009-06-28 16:16:00",39.5167,39.51693,4.0875
"Sub-Optimal",793.999999998903,"2009-06-28 20:01:00","2009-06-29 09:15:00",39.51735,39.51886,4.66186046511628
"Sub-Optimal",59.9999999991269,"2009-06-30 09:00:00","2009-06-30 10:00:00",39.52158,39.52169,4.87666666666667
"Sub-Optimal",74.9999999989086,"2009-07-15 11:00:00","2009-07-15 12:15:00",39.5629,39.56304,4.54
"Sub-Optimal",314.000000002153,"2009-07-15 21:31:00","2009-07-16 02:45:00",39.5641,39.5647,4.43578947368421
"Sub-Optimal",181.000000001848,"2009-07-16 14:15:00","2009-07-16 17:16:00",39.56601,39.56635,3.7475
"Sub-Optimal",359.000000005233,"2009-07-16 21:31:00","2009-07-17 03:30:00",39.56684,39.56752,4.33045454545455
"Sub-Optimal",59.9999999991269,"2009-07-17 11:15:00","2009-07-17 12:15:00",39.56841,39.56852,4.81333333333333
"Sub-Optimal",74.9999999989086,"2009-08-19 09:00:00","2009-08-19 10:15:00",39.65856,39.6587,4.98833333333333
"Sub-Optimal",74.9999999989086,"2009-08-20 11:00:00","2009-08-20 12:15:00",39.66153,39.66167,4.96833333333333
"Sub-Optimal",120.000000001988,"2009-08-24 12:15:00","2009-08-24 14:15:00",39.67263,39.67286,4.85888888888889
"Sub-Optimal",225.00000000046,"2009-08-25 12:15:00","2009-08-25 16:00:00",39.67537,39.6758,4.8225
"Sub-Optimal",135.00000000177,"2010-07-06 15:00:00","2010-07-06 17:15:00",40.5387,40.53896,4.589
"Sub-Optimal",284.999999999587,"2010-07-07 14:00:00","2010-07-07 18:45:00",40.54132,40.54187,3.7355
"Sub-Optimal",344.999999998714,"2010-07-07 23:45:00","2010-07-08 05:30:00",40.54244,40.54309,4.4075
"Sub-Optimal",255.000000003758,"2010-07-12 04:30:00","2010-07-12 08:45:00",40.55394,40.55442,4.44055555555556
"Sub-Optimal",59.9999999991269,"2010-07-12 10:30:00","2010-07-12 11:30:00",40.55462,40.55474,4.9
"Sub-Optimal",75.0000000026432,"2010-07-12 17:15:00","2010-07-12 18:30:00",40.55539,40.55554,4.84
"Sub-Optimal",255.000000003758,"2010-07-18 10:45:00","2010-07-18 15:00:00",40.57109,40.57158,4.27722222222222
"Sub-Optimal",329.999999998932,"2010-07-18 21:30:00","2010-07-19 03:00:00",40.57232,40.57295,4.56130434782609
"Sub-Optimal",314.999999999151,"2010-07-19 11:45:00","2010-07-19 17:00:00",40.57394,40.57454,4.41727272727273
"Sub-Optimal",104.999999998472,"2010-07-21 03:00:00","2010-07-21 04:45:00",40.57842,40.57862,4.89375
"Sub-Optimal",255.000000000024,"2010-07-21 14:00:00","2010-07-21 18:15:00",40.57968,40.58017,4.67833333333333
"Sub-Optimal",480.000000000484,"2010-08-25 04:45:00","2010-08-25 12:45:00",40.67451,40.67543,4.33060606060606
"Sub-Optimal",255.000000000024,"2010-08-25 16:45:00","2010-08-25 21:00:00",40.67588,40.67637,4.30055555555556
"Sub-Optimal",450.000000000921,"2010-08-26 06:00:00","2010-08-26 13:30:00",40.6774,40.67825,4.6941935483871
"Sub-Optimal",329.999999998932,"2010-08-26 17:15:00","2010-08-26 22:45:00",40.67868,40.67931,4.68652173913044
"Sub-Optimal",299.999999995634,"2010-08-27 08:45:00","2010-08-27 13:45:00",40.68045,40.68102,4.81095238095238
"Sub-Optimal",59.9999999991269,"2010-08-28 10:30:00","2010-08-28 11:30:00",40.68339,40.6835,4.908
"Sub-Optimal",74.9999999989086,"2010-08-28 13:00:00","2010-08-28 14:15:00",40.68368,40.68382,5.00666666666667
"Sub-Optimal",404.999999997841,"2010-08-29 08:00:00","2010-08-29 14:45:00",40.68584,40.68662,4.41785714285714
"Sub-Optimal",90.0000000024249,"2010-08-29 19:15:00","2010-08-29 20:45:00",40.68713,40.6873,4.88571428571429
"Sub-Optimal",180.000000001115,"2011-06-22 09:46:00","2011-06-22 12:46:00",41.49975,41.50009,4.53384615384615
"Sub-Optimal",60.0000000028615,"2011-06-22 22:16:00","2011-06-22 23:16:00",41.50117,41.50129,4.97
"Sub-Optimal",150.000000001552,"2011-06-23 11:46:00","2011-06-23 14:16:00",41.50271,41.503,4.33272727272727
"Sub-Optimal",135.00000000177,"2011-06-25 15:16:00","2011-06-25 17:31:00",41.50859,41.50885,4.69
"Sub-Optimal",134.999999998035,"2011-06-26 02:01:00","2011-06-26 04:16:00",41.50982,41.51008,4.767
"Sub-Optimal",269.999999999806,"2011-06-26 14:16:00","2011-06-26 18:46:00",41.51122,41.51173,4.65789473684211
"Sub-Optimal",374.999999998278,"2011-06-27 00:01:00","2011-06-27 06:16:00",41.51233,41.51304,4.46961538461538
"Sub-Optimal",59.9999999991269,"2011-07-05 07:46:00","2011-07-05 08:46:00",41.53513,41.53525,5.012
"Sub-Optimal",284.999999999587,"2011-07-07 09:16:00","2011-07-07 14:01:00",41.54078,41.54133,4.2985
"Sub-Optimal",150.000000001552,"2011-07-07 21:00:00","2011-07-07 23:30:00",41.54212,41.54241,4.91181818181818
"Sub-Optimal",284.999999999587,"2011-07-08 10:30:00","2011-07-08 15:15:00",41.54366,41.54421,4.725
"Sub-Optimal",284.999999999587,"2011-07-10 12:45:00","2011-07-10 17:30:00",41.5494,41.54994,4.672
"Sub-Optimal",104.999999998472,"2011-07-24 15:00:00","2011-07-24 16:45:00",41.58801,41.58821,4.94
"Sub-Optimal",284.999999999587,"2011-07-24 22:30:00","2011-07-25 03:15:00",41.58887,41.58941,4.9095
"Sub-Optimal",60.0000000028615,"2011-07-27 03:15:00","2011-07-27 04:15:00",41.59489,41.59501,4.93
"Sub-Optimal",495.000000000266,"2011-07-31 04:00:00","2011-07-31 12:15:00",41.60594,41.60688,4.23647058823529
"Sub-Optimal",74.9999999989086,"2011-07-31 16:45:00","2011-07-31 18:00:00",41.60739,41.60753,4.77166666666667
"Sub-Optimal",495.000000000266,"2011-08-02 06:00:00","2011-08-02 14:15:00",41.61164,41.61259,4.21294117647059
"Sub-Optimal",75.0000000026432,"2011-08-02 18:00:00","2011-08-02 19:15:00",41.61301,41.61316,4.88666666666667
"Sub-Optimal",419.999999997623,"2011-08-03 07:30:00","2011-08-03 14:30:00",41.61455,41.61535,4.69448275862069
"Sub-Optimal",135.00000000177,"2011-08-04 12:15:00","2011-08-04 14:30:00",41.61784,41.61809,4.649
"Sub-Optimal",269.999999999806,"2011-08-07 13:00:00","2011-08-07 17:30:00",41.62614,41.62666,4.88105263157895
"Sub-Optimal",150.000000001552,"2011-09-03 11:16:00","2011-09-03 13:46:00",41.69992,41.7002,4.74909090909091
"Sub-Optimal",284.999999999587,"2011-09-03 20:31:00","2011-09-04 01:16:00",41.70097,41.70151,4.721
"Sub-Optimal",374.999999998278,"2011-09-04 09:46:00","2011-09-04 16:01:00",41.70248,41.7032,4.12961538461538
"Sub-Optimal",89.9999999986903,"2011-09-04 20:16:00","2011-09-04 21:46:00",41.70368,41.70385,4.75714285714286
"Sub-Optimal",224.999999996726,"2011-09-07 15:16:00","2011-09-07 19:01:00",41.71133,41.71176,4.7925
"Sub-Optimal",284.999999999587,"2011-09-08 01:31:00","2011-09-08 06:16:00",41.7125,41.71304,4.65
"Sub-Optimal",330.000000002667,"2011-09-11 16:16:00","2011-09-11 21:46:00",41.7224,41.72303,4.5204347826087
"Sub-Optimal",210.000000000679,"2012-06-14 15:01:00","2012-06-14 18:31:00",42.48117,42.48157,4.13266666666667
"Sub-Optimal",329.999999998932,"2012-06-15 00:46:00","2012-06-15 06:16:00",42.48228,42.48291,3.86826086956522
"Sub-Optimal",315.000000002885,"2012-06-15 14:46:00","2012-06-15 20:01:00",42.48388,42.48448,3.26136363636364
"Sub-Optimal",360.000000002231,"2012-06-16 01:01:00","2012-06-16 07:01:00",42.48505,42.48573,4.2936
"Sub-Optimal",330.000000002667,"2012-06-16 14:46:00","2012-06-16 20:16:00",42.48662,42.48725,4.43318181818182
"Sub-Optimal",134.999999998035,"2012-06-17 18:01:00","2012-06-17 20:16:00",42.48973,42.48998,4.7
"Sub-Optimal",240.000000000242,"2012-07-05 05:46:00","2012-07-05 09:46:00",42.53764,42.5381,4.66705882352941
"Sub-Optimal",164.999999997599,"2012-07-05 17:31:00","2012-07-05 20:16:00",42.53899,42.5393,4.67166666666667
"Sub-Optimal",59.9999999991269,"2012-07-07 12:46:00","2012-07-07 13:46:00",42.54392,42.54404,4.792
"Sub-Optimal",375.000000002012,"2012-07-08 08:01:00","2012-07-08 14:16:00",42.54612,42.54683,4.69
"Sub-Optimal",120.000000001988,"2012-07-08 23:01:00","2012-07-09 01:01:00",42.54783,42.54806,4.73444444444444
"Sub-Optimal",269.999999999806,"2012-07-09 09:16:00","2012-07-09 13:46:00",42.549,42.54952,4.44263157894737
"Sub-Optimal",90.0000000024249,"2012-07-09 23:46:00","2012-07-10 01:16:00",42.55066,42.55083,4.94714285714286
"Sub-Optimal",284.999999999587,"2012-07-10 10:01:00","2012-07-10 14:46:00",42.55183,42.55237,4.3305
"Sub-Optimal",89.9999999986903,"2012-07-10 21:16:00","2012-07-10 22:46:00",42.55311,42.55328,4.82285714285714
"Sub-Optimal",195.000000000897,"2012-07-11 11:46:00","2012-07-11 15:01:00",42.55477,42.55514,4.47428571428571
"Sub-Optimal",315.000000002885,"2012-07-11 22:01:00","2012-07-12 03:16:00",42.55594,42.55654,4.67318181818182
"Sub-Optimal",284.999999999587,"2012-07-12 13:01:00","2012-07-12 17:46:00",42.55765,42.55819,3.99578947368421
"Sub-Optimal",420.000000001357,"2012-07-12 22:16:00","2012-07-13 05:16:00",42.55871,42.55951,3.60620689655172
"Sub-Optimal",359.999999998496,"2012-07-13 13:46:00","2012-07-13 19:46:00",42.56048,42.56116,3.8012
"Sub-Optimal",374.999999998278,"2012-07-13 23:31:00","2012-07-14 05:46:00",42.56159,42.5623,4.35884615384615
"Sub-Optimal",314.999999999151,"2012-07-14 14:16:00","2012-07-14 19:31:00",42.56327,42.56387,4.20681818181818
"Sub-Optimal",329.999999998932,"2012-07-15 01:01:00","2012-07-15 06:31:00",42.5645,42.56513,4.50565217391304
"Sub-Optimal",89.9999999986903,"2012-07-24 20:46:00","2012-07-24 22:16:00",42.59141,42.59158,5.04285714285714
"Sub-Optimal",465.000000000703,"2012-07-25 09:01:00","2012-07-25 16:46:00",42.59281,42.59369,4.5371875
"Sub-Optimal",329.999999998932,"2012-07-25 20:31:00","2012-07-26 02:01:00",42.59412,42.59475,4.08391304347826
"Sub-Optimal",419.999999997623,"2012-07-26 10:46:00","2012-07-26 17:46:00",42.59575,42.59655,4.61379310344828
"Sub-Optimal",89.9999999986903,"2012-07-26 22:31:00","2012-07-27 00:01:00",42.59709,42.59726,4.98
"Sub-Optimal",269.999999999806,"2012-07-27 13:01:00","2012-07-27 17:31:00",42.59875,42.59926,4.77157894736842
"Sub-Optimal",240.000000000242,"2012-08-01 16:31:00","2012-08-01 20:31:00",42.61284,42.6133,4.86882352941176
"Sub-Optimal",435.000000001139,"2012-08-02 04:46:00","2012-08-02 12:01:00",42.61424,42.61507,4.83466666666667
"Sub-Optimal",495.000000000266,"2012-08-04 05:46:00","2012-08-04 14:01:00",42.61984,42.62078,4.17794117647059
"Sub-Optimal",359.999999998496,"2012-08-04 17:46:00","2012-08-04 23:46:00",42.62121,42.62189,4.45
"Sub-Optimal",225.00000000046,"2012-08-12 14:31:00","2012-08-12 18:16:00",42.64275,42.64318,4.465625
"Sub-Optimal",344.99999999498,"2012-08-13 00:01:00","2012-08-13 05:46:00",42.64384,42.64449,4.09
"Sub-Optimal",255.000000000024,"2012-08-15 03:01:00","2012-08-15 07:16:00",42.64966,42.65014,4.50277777777778
"Sub-Optimal",255.000000000024,"2012-08-16 04:01:00","2012-08-16 08:16:00",42.65251,42.653,4.47944444444444
"Sub-Optimal",314.999999999151,"2012-08-16 16:01:00","2012-08-16 21:16:00",42.65388,42.65448,4.83736842105263
"Sub-Optimal",104.999999998472,"2012-09-04 13:01:00","2012-09-04 14:46:00",42.7056,42.7058,4.8825
"Sub-Optimal",330.000000002667,"2012-09-06 10:46:00","2012-09-06 16:16:00",42.71082,42.71145,4.89521739130435
"Sub-Optimal",269.999999999806,"2012-09-13 15:31:00","2012-09-13 20:01:00",42.73054,42.73105,4.37
"Sub-Optimal",224.999999996726,"2012-09-17 17:46:00","2012-09-17 21:31:00",42.74175,42.74218,4.51933333333333
"Sub-Optimal",165.000000001334,"2012-09-18 12:01:00","2012-09-18 14:46:00",42.74384,42.74415,4.61916666666667
"Sub-Optimal",74.9999999989086,"2012-10-05 13:31:00","2012-10-05 14:46:00",42.79058,42.79073,5.01166666666667
"Sub-Optimal",179.999999997381,"2013-04-23 15:01:00","2013-04-23 18:01:00",43.3387,43.33904,4.86076923076923
"Sub-Optimal",240.000000000242,"2013-04-24 15:46:00","2013-04-24 19:46:00",43.34153,43.34198,4.92176470588235
"Sub-Optimal",74.999999995174,"2013-04-26 06:46:00","2013-04-26 08:01:00",43.34598,43.34612,4.92666666666667
"Sub-Optimal",255.000000000024,"2013-04-26 17:16:00","2013-04-26 21:31:00",43.34718,43.34766,4.86533333333333
"Sub-Optimal",149.999999997817,"2013-04-27 06:46:00","2013-04-27 09:16:00",43.34872,43.349,4.88636363636364
"Sub-Optimal",74.9999999989086,"2013-05-02 11:46:00","2013-05-02 13:01:00",43.36299,43.36313,4.63666666666667
"Sub-Optimal",74.9999999989086,"2013-05-06 03:16:00","2013-05-06 04:31:00",43.37298,43.37312,4.88333333333333
"Sub-Optimal",225.00000000046,"2013-06-04 15:01:00","2013-06-04 18:46:00",43.45377,43.4542,3.6
"Sub-Optimal",360.000000002231,"2013-06-05 01:01:00","2013-06-05 07:01:00",43.45491,43.4556,4.168
"Sub-Optimal",239.999999996508,"2013-06-05 15:16:00","2013-06-05 19:16:00",43.45654,43.45699,4.31117647058824
"Sub-Optimal",150.000000001552,"2013-06-06 01:31:00","2013-06-06 04:01:00",43.45771,43.45799,4.88
"Sub-Optimal",59.9999999991269,"2013-06-07 06:31:00","2013-06-07 07:31:00",43.46102,43.46113,4.946
"Sub-Optimal",165.000000001334,"2013-06-07 16:31:00","2013-06-07 19:16:00",43.46216,43.46247,4.70583333333333
"Sub-Optimal",255.000000000024,"2013-06-11 06:01:00","2013-06-11 10:16:00",43.47192,43.4724,4.36333333333333
"Sub-Optimal",104.999999998472,"2013-07-04 15:01:00","2013-07-04 16:46:00",43.53596,43.53616,4.705
"Sub-Optimal",195.000000000897,"2013-07-05 03:16:00","2013-07-05 06:31:00",43.53736,43.53773,4.85285714285714
"Sub-Optimal",89.9999999986903,"2013-07-09 17:31:00","2013-07-09 19:01:00",43.54994,43.55012,4.95285714285714
"Sub-Optimal",269.999999999806,"2013-07-11 06:16:00","2013-07-11 10:46:00",43.55414,43.55465,4.72684210526316
"Sub-Optimal",314.999999999151,"2013-07-11 18:31:00","2013-07-11 23:46:00",43.55554,43.55614,4.39909090909091
"Sub-Optimal",374.999999998278,"2013-07-12 06:46:00","2013-07-12 13:01:00",43.55694,43.55765,4.57
"Sub-Optimal",345.000000002449,"2013-07-12 19:01:00","2013-07-13 00:46:00",43.55834,43.55899,4.43333333333333
"Sub-Optimal",300.000000003104,"2013-07-13 07:46:00","2013-07-13 12:46:00",43.55979,43.56036,3.9747619047619
"Sub-Optimal",149.999999997817,"2013-07-13 19:46:00","2013-07-13 22:16:00",43.56116,43.56145,4.66545454545455
"Sub-Optimal",269.999999999806,"2013-07-16 11:16:00","2013-07-16 15:46:00",43.56841,43.56892,4.40105263157895
"Sub-Optimal",74.9999999989086,"2013-07-17 00:01:00","2013-07-17 01:16:00",43.56986,43.57001,5.02
"Sub-Optimal",75.0000000026432,"2013-07-21 17:01:00","2013-07-21 18:16:00",43.58276,43.58291,4.96166666666667
"Sub-Optimal",90.0000000024249,"2013-07-28 12:16:00","2013-07-28 13:46:00",43.6014,43.60157,4.80285714285714
"Sub-Optimal",59.9999999991269,"2013-08-05 06:31:00","2013-08-05 07:31:00",43.62266,43.62278,4.946
"Sub-Optimal",150.000000001552,"2013-08-05 17:46:00","2013-08-05 20:16:00",43.62395,43.62423,4.95636363636364
"Sub-Optimal",59.9999999991269,"2013-08-21 19:46:00","2013-08-21 20:46:00",43.66801,43.66812,4.942
"Sub-Optimal",405.000000001576,"2013-08-22 06:16:00","2013-08-22 13:01:00",43.66921,43.66998,4.76464285714286
"Sub-Optimal",195.000000000897,"2014-06-08 13:46:00","2014-06-08 17:01:00",44.46459,44.46496,4.47071428571429
"Sub-Optimal",360.000000002231,"2014-06-09 00:31:00","2014-06-09 06:31:00",44.46581,44.4665,4.6348
"Sub-Optimal",255.000000000024,"2014-07-05 10:16:00","2014-07-05 14:31:00",44.53816,44.53864,4.58277777777778
"Sub-Optimal",105.000000002207,"2014-07-07 14:46:00","2014-07-07 16:31:00",44.54415,44.54435,4.7325
"Sub-Optimal",75.0000000026432,"2014-07-08 13:01:00","2014-07-08 14:16:00",44.54669,44.54683,4.56
"Sub-Optimal",59.9999999991269,"2014-07-09 05:16:00","2014-07-09 06:16:00",44.54855,44.54866,4.702
"Sub-Optimal",405.000000001576,"2014-07-10 01:46:00","2014-07-10 08:31:00",44.55089,44.55166,4.74642857142857
"Sub-Optimal",255.000000000024,"2014-07-10 14:31:00","2014-07-10 18:46:00",44.55234,44.55283,4.385
"Sub-Optimal",404.999999997841,"2014-07-11 02:31:00","2014-07-11 09:16:00",44.55371,44.55448,4.75892857142857
"Sub-Optimal",299.999999999369,"2014-07-11 15:31:00","2014-07-11 20:31:00",44.5552,44.55577,4.51523809523809
"Sub-Optimal",74.9999999989086,"2014-07-12 10:16:00","2014-07-12 11:31:00",44.55734,44.55748,5.00833333333333
"Sub-Optimal",135.00000000177,"2014-07-16 12:16:00","2014-07-16 14:31:00",44.56852,44.56878,4.854
"Sub-Optimal",240.000000000242,"2014-07-16 19:31:00","2014-07-16 23:31:00",44.56935,44.56981,4.60941176470588
"Sub-Optimal",435.000000001139,"2014-07-17 08:01:00","2014-07-17 15:16:00",44.57078,44.57161,4.20310344827586
"Sub-Optimal",165.000000001334,"2014-07-29 10:46:00","2014-07-29 13:31:00",44.60397,44.60428,4.69166666666667
"Sub-Optimal",119.999999998254,"2014-08-01 12:46:00","2014-08-01 14:46:00",44.61242,44.61264,4.73777777777778
"Sub-Optimal",299.999999999369,"2014-08-02 10:16:00","2014-08-02 15:16:00",44.61487,44.61544,4.74047619047619
"Sub-Optimal",255.000000003758,"2014-08-05 12:16:00","2014-08-05 16:31:00",44.62332,44.6238,4.43444444444444
"Sub-Optimal",194.999999997162,"2014-08-08 14:31:00","2014-08-08 17:46:00",44.63179,44.63217,4.64357142857143
"Sub-Optimal",89.9999999986903,"2014-08-11 18:46:00","2014-08-11 20:16:00",44.6405,44.64067,4.93142857142857
"Sub-Optimal",60.0000000028615,"2014-08-12 12:31:00","2014-08-12 13:31:00",44.64252,44.64264,4.772
"Sub-Optimal",59.9999999991269,"2014-08-21 06:01:00","2014-08-21 07:01:00",44.66644,44.66655,5.018
"Sub-Optimal",209.999999996944,"2014-08-25 08:16:00","2014-08-25 11:46:00",44.67766,44.67806,4.81933333333333
"Sub-Optimal",374.999999998278,"2014-08-27 07:31:00","2014-08-27 13:46:00",44.68305,44.68376,4.80807692307692
"Sub-Optimal",269.999999999806,"2014-08-28 10:01:00","2014-08-28 14:31:00",44.68607,44.68659,4.67263157894737
"Sub-Optimal",194.999999997162,"2015-05-09 08:46:00","2015-05-09 12:01:00",45.38182,45.38219,4.61285714285714
"Sub-Optimal",269.999999999806,"2015-06-01 04:16:00","2015-06-01 08:46:00",45.44432,45.44484,4.64
"Sub-Optimal",90.0000000024249,"2015-07-05 12:16:00","2015-07-05 13:46:00",45.53839,45.53856,4.82857142857143
"Sub-Optimal",104.999999998472,"2016-05-12 11:01:00","2016-05-12 12:46:00",46.39304,46.39324,4.98875
"Sub-Optimal",104.999999998472,"2016-05-31 14:16:00","2016-05-31 16:01:00",46.44546,46.44566,4.985
"Sub-Optimal",389.999999998059,"2016-06-08 07:16:00","2016-06-08 13:46:00",46.46658,46.46732,4.81444444444444
"Sub-Optimal",89.9999999986903,"2016-06-27 00:31:00","2016-06-27 02:01:00",46.51787,46.51804,4.91428571428571
"Sub-Optimal",344.999999998714,"2016-06-27 09:31:00","2016-06-27 15:16:00",46.51889,46.51955,4.12958333333333
"Sub-Optimal",179.999999997381,"2016-06-30 13:16:00","2016-06-30 16:16:00",46.52754,46.52788,4.84307692307692
"Sub-Optimal",269.999999999806,"2016-07-01 01:16:00","2016-07-01 05:46:00",46.52891,46.52943,4.86157894736842
"Sub-Optimal",299.999999999369,"2016-07-01 14:01:00","2016-07-01 19:01:00",46.53037,46.53094,4.28190476190476
"Sub-Optimal",569.99999999544,"2016-07-02 01:01:00","2016-07-02 10:31:00",46.53162,46.53271,4.0625641025641
"Sub-Optimal",210.000000004413,"2016-07-02 14:16:00","2016-07-02 17:46:00",46.53314,46.53354,4.704
"Sub-Optimal",105.000000002207,"2016-07-03 05:16:00","2016-07-03 07:01:00",46.53485,46.53505,4.9275
"Sub-Optimal",74.9999999989086,"2016-07-03 09:16:00","2016-07-03 10:31:00",46.5353,46.53545,4.90333333333333
"Sub-Optimal",74.9999999989086,"2016-07-07 12:16:00","2016-07-07 13:31:00",46.54661,46.54675,4.84333333333333
"Sub-Optimal",224.999999996726,"2016-07-15 14:31:00","2016-07-15 18:16:00",46.56878,46.56921,4.42375
"Sub-Optimal",269.999999999806,"2016-07-16 02:16:00","2016-07-16 06:46:00",46.57012,46.57064,4.93157894736842
"Sub-Optimal",150.000000001552,"2016-07-17 15:16:00","2016-07-17 17:46:00",46.57435,46.57463,4.72272727272727
"Sub-Optimal",405.000000001576,"2016-07-24 08:01:00","2016-07-24 14:46:00",46.5927,46.59347,4.48178571428571
"Sub-Optimal",480.000000004219,"2016-07-25 08:16:00","2016-07-25 16:16:00",46.59546,46.59638,3.93424242424242
"Sub-Optimal",180.000000001115,"2016-07-25 19:31:00","2016-07-25 22:31:00",46.59675,46.59709,4.65461538461538
"Sub-Optimal",405.000000001576,"2016-07-26 09:16:00","2016-07-26 16:01:00",46.59832,46.59909,4.70535714285714
"Sub-Optimal",389.999999998059,"2016-08-02 04:46:00","2016-08-02 11:16:00",46.61698,46.61772,4.5237037037037
"Sub-Optimal",254.999999996289,"2016-08-24 11:01:00","2016-08-24 15:16:00",46.67797,46.67846,4.675
"Sub-Optimal",74.9999999989086,"2017-05-28 08:01:00","2017-05-28 09:16:00",47.43653,47.43667,4.86166666666667
"Sub-Optimal",59.9999999991269,"2017-07-01 01:31:00","2017-07-01 02:31:00",47.52894,47.52905,4.95
"Sub-Optimal",59.9999999991269,"2017-07-03 13:31:00","2017-07-03 14:31:00",47.53579,47.5359,4.682
"Sub-Optimal",314.999999999151,"2017-07-05 15:01:00","2017-07-05 20:16:00",47.54144,47.54204,4.43772727272727
"Sub-Optimal",164.999999997599,"2017-07-10 06:16:00","2017-07-10 09:01:00",47.55414,47.55445,4.82916666666667
"Sub-Optimal",195.000000000897,"2017-07-18 12:16:00","2017-07-18 15:31:00",47.57674,47.57711,4.60785714285714
"Sub-Optimal",239.999999996508,"2017-07-19 00:31:00","2017-07-19 04:31:00",47.57814,47.5786,4.92
"Sub-Optimal",300.000000003104,"2017-07-26 09:01:00","2017-07-26 14:01:00",47.59829,47.59886,4.91047619047619
"Sub-Optimal",495.000000000266,"2017-07-27 07:01:00","2017-07-27 15:16:00",47.6008,47.60174,4.09941176470588
"Sub-Optimal",105.000000002207,"2017-07-27 19:31:00","2017-07-27 21:16:00",47.60223,47.60243,4.99625
"Sub-Optimal",464.999999996968,"2017-07-28 08:01:00","2017-07-28 15:46:00",47.60365,47.60454,4.7709375
"Sub-Optimal",315.000000002885,"2017-07-29 09:31:00","2017-07-29 14:46:00",47.60657,47.60717,4.90636363636364
"Sub-Optimal",285.000000003322,"2017-07-30 10:31:00","2017-07-30 15:16:00",47.60942,47.60996,4.647
"Sub-Optimal",105.000000002207,"2017-08-21 10:01:00","2017-08-21 11:46:00",47.66964,47.66984,4.97625
"Sub-Optimal",225.00000000046,"2017-08-21 16:31:00","2017-08-21 20:16:00",47.67038,47.67081,4.64375
"Sub-Optimal",554.999999995658,"2017-08-22 04:16:00","2017-08-22 13:31:00",47.67172,47.67278,4.11131578947368
"Sub-Optimal",74.999999995174,"2017-08-22 15:31:00","2017-08-22 16:46:00",47.673,47.67315,4.89333333333333
"Sub-Optimal",150.000000001552,"2017-08-23 11:31:00","2017-08-23 14:01:00",47.67529,47.67557,4.66727272727273
"Sub-Optimal",104.999999998472,"2017-08-23 15:31:00","2017-08-23 17:16:00",47.67574,47.67594,4.9925
"Sub-Optimal",135.00000000177,"2017-08-24 12:01:00","2017-08-24 14:16:00",47.67808,47.67834,4.781
"Sub-Optimal",105.000000002207,"2017-08-27 22:46:00","2017-08-28 00:31:00",47.68753,47.68773,4.92375
"Sub-Optimal",359.999999998496,"2017-08-28 09:46:00","2017-08-28 15:46:00",47.68879,47.68947,4.3624
"Sub-Optimal",195.000000004632,"2017-08-28 20:16:00","2017-08-28 23:31:00",47.68998,47.69036,4.77214285714286
"Sub-Optimal",240.000000003977,"2017-09-02 15:01:00","2017-09-02 19:01:00",47.70308,47.70354,4.64764705882353
"Sub-Optimal",329.999999995198,"2017-09-03 02:46:00","2017-09-03 08:16:00",47.70443,47.70505,4.81652173913043
"Sub-Optimal",300.000000003104,"2017-09-03 15:01:00","2017-09-03 20:01:00",47.70582,47.70639,3.5852380952381
"Sub-Optimal",524.999999996095,"2017-09-04 01:46:00","2017-09-04 10:31:00",47.70705,47.70805,4.65472222222222
"Sub-Optimal",299.999999999369,"2018-05-23 11:46:00","2018-05-23 16:46:00",48.42326,48.42383,4.49285714285714
"Sub-Optimal",149.999999994083,"2018-05-26 14:46:00","2018-05-26 17:16:00",48.43182,48.43211,4.72363636363636
"Sub-Optimal",74.9999999989086,"2018-05-31 18:16:00","2018-05-31 19:31:00",48.44592,48.44606,4.91
"Sub-Optimal",195.000000000897,"2018-06-04 09:46:00","2018-06-04 13:01:00",48.45591,48.45628,4.82714285714286
"Sub-Optimal",240.000000000242,"2018-06-17 09:01:00","2018-06-17 13:01:00",48.49144,48.4919,4.94235294117647
"Sub-Optimal",164.999999997599,"2018-06-17 19:16:00","2018-06-17 22:01:00",48.49261,48.49292,4.78333333333333
"Sub-Optimal",210.000000004413,"2018-06-18 11:16:00","2018-06-18 14:46:00",48.49444,48.49484,4.89866666666667
"Sub-Optimal",329.999999995198,"2018-06-20 10:16:00","2018-06-20 15:46:00",48.4998,48.50043,3.7595652173913
"Sub-Optimal",284.999999999587,"2018-06-24 14:31:00","2018-06-24 19:16:00",48.51125,48.51179,4.202
"Sub-Optimal",585.000000002691,"2018-06-25 01:01:00","2018-06-25 10:46:00",48.51244,48.51356,3.63475
"Sub-Optimal",345.000000002449,"2018-06-25 14:16:00","2018-06-25 20:01:00",48.51396,48.51461,4.15125
"Sub-Optimal",569.999999999175,"2018-06-26 01:46:00","2018-06-26 11:16:00",48.51527,48.51635,4.32846153846154
"Sub-Optimal",300.000000003104,"2018-06-26 15:01:00","2018-06-26 20:01:00",48.51678,48.51735,4.68142857142857
"Sub-Optimal",464.999999996968,"2018-06-28 04:16:00","2018-06-28 12:01:00",48.52104,48.52192,4.4759375
"Sub-Optimal",359.999999998496,"2018-06-28 16:46:00","2018-06-28 22:46:00",48.52246,48.52315,3.5408
"Sub-Optimal",570.000000002909,"2018-06-29 03:46:00","2018-06-29 13:16:00",48.52372,48.5248,3.65564102564103
"Sub-Optimal",330.000000002667,"2018-06-29 16:31:00","2018-06-29 22:01:00",48.52517,48.5258,4.48652173913043
"Sub-Optimal",524.999999996095,"2018-06-30 05:01:00","2018-06-30 13:46:00",48.5266,48.5276,4.68472222222222
"Sub-Optimal",165.000000001334,"2018-06-30 17:16:00","2018-06-30 20:01:00",48.528,48.52831,4.71666666666667
"Sub-Optimal",465.000000000703,"2018-07-01 06:16:00","2018-07-01 14:01:00",48.52948,48.53037,4.3009375
"Sub-Optimal",270.00000000354,"2018-07-01 18:31:00","2018-07-01 23:01:00",48.53088,48.53139,4.44105263157895
"Sub-Optimal",404.999999997841,"2018-07-02 07:01:00","2018-07-02 13:46:00",48.53231,48.53308,4.32785714285714
"Sub-Optimal",284.999999999587,"2018-07-02 19:01:00","2018-07-02 23:46:00",48.53368,48.53422,4.545
"Sub-Optimal",299.999999995634,"2018-07-03 07:46:00","2018-07-03 12:46:00",48.53513,48.5357,4.22761904761905
"Sub-Optimal",209.999999996944,"2018-07-03 20:01:00","2018-07-03 23:31:00",48.53653,48.53693,4.426
"Sub-Optimal",405.000000001576,"2018-07-04 08:46:00","2018-07-04 15:31:00",48.53799,48.53876,4.30392857142857
"Sub-Optimal",435.000000001139,"2018-07-04 20:31:00","2018-07-05 03:46:00",48.53933,48.54016,4.51333333333333
"Sub-Optimal",105.000000002207,"2018-07-05 08:31:00","2018-07-05 10:16:00",48.5407,48.5409,4.58125
"Sub-Optimal",195.000000000897,"2018-07-05 12:46:00","2018-07-05 16:01:00",48.54118,48.54155,4.76857142857143
"Sub-Optimal",90.0000000024249,"2018-07-12 06:01:00","2018-07-12 07:31:00",48.55959,48.55976,4.85142857142857
"Sub-Optimal",120.000000001988,"2018-07-12 09:01:00","2018-07-12 11:01:00",48.55993,48.56016,4.75333333333333
"Sub-Optimal",165.000000005068,"2018-07-16 12:01:00","2018-07-16 14:46:00",48.57123,48.57155,4.67833333333333
"Sub-Optimal",59.9999999991269,"2018-07-17 14:46:00","2018-07-17 15:46:00",48.57429,48.5744,5.02
"Sub-Optimal",210.000000004413,"2018-07-22 13:31:00","2018-07-22 17:01:00",48.58784,48.58824,4.59466666666667
"Sub-Optimal",240.000000000242,"2018-07-23 14:16:00","2018-07-23 18:16:00",48.59067,48.59113,4.42411764705882
"Sub-Optimal",60.0000000028615,"2018-07-24 05:31:00","2018-07-24 06:31:00",48.59241,48.59252,4.898
"Sub-Optimal",105.000000002207,"2018-07-25 16:01:00","2018-07-25 17:46:00",48.59635,48.59655,4.9775
"Sub-Optimal",300.000000003104,"2018-07-26 04:31:00","2018-07-26 09:31:00",48.59778,48.59835,4.72333333333333
"Sub-Optimal",89.9999999986903,"2018-07-26 16:46:00","2018-07-26 18:16:00",48.59917,48.59935,4.95428571428571
"Sub-Optimal",180.000000001115,"2018-07-27 07:01:00","2018-07-27 10:01:00",48.6008,48.60114,4.94
"Sub-Optimal",209.999999996944,"2018-07-27 17:01:00","2018-07-27 20:31:00",48.60194,48.60234,4.768
"Sub-Optimal",480.000000000484,"2018-07-28 04:46:00","2018-07-28 12:46:00",48.60328,48.6042,4.57757575757576
"Sub-Optimal",150.000000001552,"2018-08-14 13:01:00","2018-08-14 15:31:00",48.6508,48.65109,4.65272727272727
"Sub-Optimal",104.999999998472,"2018-08-15 14:31:00","2018-08-15 16:16:00",48.65371,48.65391,4.8525
"Sub-Optimal",419.999999997623,"2018-08-19 11:46:00","2018-08-19 18:46:00",48.66436,48.66516,4.02551724137931
"Sub-Optimal",585.000000002691,"2018-08-19 22:16:00","2018-08-20 08:01:00",48.66556,48.66667,4.1455
"Sub-Optimal",405.000000001576,"2018-08-20 11:01:00","2018-08-20 17:46:00",48.66701,48.66778,4.79321428571429
"Sub-Optimal",450.000000000921,"2018-08-20 23:16:00","2018-08-21 06:46:00",48.66841,48.66927,4.85870967741935
"Sub-Optimal",104.999999994737,"2018-08-21 14:46:00","2018-08-21 16:31:00",48.67018,48.67038,5.0575
"Sub-Optimal",285.000000003322,"2018-08-22 02:16:00","2018-08-22 07:01:00",48.67149,48.67203,4.5005
"Sub-Optimal",164.999999997599,"2018-08-22 15:31:00","2018-08-22 18:16:00",48.673,48.67332,4.94416666666667
"Sub-Optimal",149.999999994083,"2018-09-25 17:01:00","2018-09-25 19:31:00",48.76633,48.76661,4.79
"Sub-Optimal",269.999999999806,"2018-09-26 09:46:00","2018-09-26 14:16:00",48.76824,48.76875,4.62947368421053
"Sub-Optimal",195.000000004632,"2018-09-26 17:16:00","2018-09-26 20:31:00",48.76909,48.76947,4.66714285714286
"Sub-Optimal",284.999999999587,"2018-09-27 10:01:00","2018-09-27 14:46:00",48.77101,48.77155,4.4825
"Sub-Optimal",344.999999998714,"2018-09-28 09:31:00","2018-09-28 15:16:00",48.77369,48.77435,4.47208333333333
"Sub-Optimal",105.000000002207,"2018-09-28 20:16:00","2018-09-28 22:01:00",48.77492,48.77512,4.9825
"Sub-Optimal",60.0000000028615,"2019-05-10 10:46:00","2019-05-10 11:46:00",49.38753,49.38764,4.924
"Sub-Optimal",135.00000000177,"2019-06-17 06:31:00","2019-06-17 08:46:00",49.49115,49.49141,4.944
"Sub-Optimal",209.999999996944,"2019-06-17 17:01:00","2019-06-17 20:31:00",49.49235,49.49275,4.81866666666667
"Sub-Optimal",225.00000000046,"2019-06-19 06:01:00","2019-06-19 09:46:00",49.49658,49.49701,4.76125
"Sub-Optimal",359.999999998496,"2019-06-20 07:01:00","2019-06-20 13:01:00",49.49943,49.50012,4.5268
"Sub-Optimal",120.000000001988,"2019-07-20 09:01:00","2019-07-20 11:01:00",49.58185,49.58208,4.80888888888889
"Sub-Optimal",59.9999999991269,"2019-07-20 19:01:00","2019-07-20 20:01:00",49.58299,49.58311,4.984
"Sub-Optimal",464.999999996968,"2019-07-21 07:16:00","2019-07-21 15:01:00",49.58439,49.58528,4.5165625
"Sub-Optimal",74.9999999989086,"2019-07-22 11:31:00","2019-07-22 12:46:00",49.58762,49.58776,4.89
"Sub-Optimal",164.999999997599,"2019-07-23 11:01:00","2019-07-23 13:46:00",49.5903,49.59061,4.9225
"Sub-Optimal",165.000000005068,"2019-07-23 23:16:00","2019-07-24 02:01:00",49.5917,49.59201,4.67583333333333
"Sub-Optimal",255.000000003758,"2019-07-24 10:31:00","2019-07-24 14:46:00",49.59298,49.59347,4.36166666666667
"Sub-Optimal",90.0000000024249,"2019-07-24 21:31:00","2019-07-24 23:01:00",49.59424,49.59441,4.76
"Sub-Optimal",240.000000000242,"2019-07-25 11:31:00","2019-07-25 15:31:00",49.59584,49.59629,3.78117647058824
"Sub-Optimal",420.000000001357,"2019-07-25 21:46:00","2019-07-26 04:46:00",49.59701,49.5978,4.28172413793103
"Sub-Optimal",330.000000002667,"2019-07-26 12:16:00","2019-07-26 17:46:00",49.59866,49.59929,3.56434782608696
"Sub-Optimal",449.999999997186,"2019-07-26 22:31:00","2019-07-27 06:01:00",49.59983,49.60069,3.61548387096774
"Sub-Optimal",345.000000002449,"2019-07-27 12:01:00","2019-07-27 17:46:00",49.60137,49.60203,4.075
"Sub-Optimal",405.000000001576,"2019-07-27 23:31:00","2019-07-28 06:16:00",49.60268,49.60346,4.07535714285714
"Sub-Optimal",240.000000003977,"2019-07-28 13:46:00","2019-07-28 17:46:00",49.60431,49.60477,4.43294117647059
"Sub-Optimal",389.999999998059,"2019-07-29 00:31:00","2019-07-29 07:01:00",49.60554,49.60628,4.45555555555556
"Sub-Optimal",330.000000002667,"2019-07-29 13:31:00","2019-07-29 19:01:00",49.60702,49.60765,4.37434782608696
"Sub-Optimal",495.000000000266,"2019-07-30 02:16:00","2019-07-30 10:31:00",49.60848,49.60942,4.12529411764706
"Sub-Optimal",300.000000003104,"2019-07-30 14:16:00","2019-07-30 19:16:00",49.60985,49.61042,4.61238095238095
"Sub-Optimal",345.000000002449,"2019-07-31 04:31:00","2019-07-31 10:16:00",49.61147,49.61213,4.6675
"Sub-Optimal",59.9999999991269,"2019-08-01 09:31:00","2019-08-01 10:31:00",49.61479,49.6149,4.94
"Sub-Optimal",165.000000001334,"2019-08-17 11:16:00","2019-08-17 14:01:00",49.65882,49.65913,4.855
"Sub-Optimal",254.999999996289,"2019-08-19 11:01:00","2019-08-19 15:16:00",49.66427,49.66476,4.67055555555556
"Sub-Optimal",495.000000000266,"2019-08-28 02:01:00","2019-08-28 10:16:00",49.6879,49.68884,4.01588235294118
"Sub-Optimal",285.000000003322,"2019-08-28 15:01:00","2019-08-28 19:46:00",49.68939,49.68993,4.563
"Sub-Optimal",105.000000002207,"2019-08-29 10:46:00","2019-08-29 12:31:00",49.69164,49.69184,4.88125
"Sub-Optimal",90.0000000024249,"2020-06-23 07:46:00","2020-06-23 09:16:00",50.51048,50.51065,4.76857142857143
"Sub-Optimal",105.000000002207,"2020-06-23 21:01:00","2020-06-23 22:46:00",50.51199,50.51219,4.90875
"Sub-Optimal",374.999999998278,"2020-06-24 07:16:00","2020-06-24 13:31:00",50.51316,50.51387,4.67961538461538
"Sub-Optimal",300.000000006838,"2020-06-27 09:01:00","2020-06-27 14:01:00",50.52158,50.52215,4.0195
"Sub-Optimal",330.000000002667,"2020-06-27 21:16:00","2020-06-28 02:46:00",50.52298,50.5236,4.76260869565217
"Sub-Optimal",299.999999999369,"2020-06-28 10:16:00","2020-06-28 15:16:00",50.52446,50.52503,4.32526315789474
"Sub-Optimal",375.000000002012,"2020-07-13 22:31:00","2020-07-14 04:46:00",50.56695,50.56767,4.18884615384615
"Sub-Optimal",269.999999999806,"2020-07-14 12:16:00","2020-07-14 16:46:00",50.56852,50.56904,3.84263157894737
"Sub-Optimal",404.999999997841,"2020-07-14 22:46:00","2020-07-15 05:31:00",50.56972,50.57049,4.10857142857143
"Sub-Optimal",225.00000000046,"2020-07-15 13:16:00","2020-07-15 17:01:00",50.57138,50.57181,4.63125
"Sub-Optimal",180.000000001115,"2020-07-16 03:16:00","2020-07-16 06:16:00",50.57298,50.57332,4.79230769230769
"Sub-Optimal",239.999999996508,"2020-07-16 14:01:00","2020-07-16 18:01:00",50.5742,50.57466,4.78235294117647
"Sub-Optimal",495.000000000266,"2020-07-17 00:31:00","2020-07-17 08:46:00",50.5754,50.57634,3.69205882352941
"Sub-Optimal",225.00000000046,"2020-07-17 14:46:00","2020-07-17 18:31:00",50.57703,50.57746,4.6325
"Sub-Optimal",285.000000003322,"2020-07-18 02:31:00","2020-07-18 07:16:00",50.57837,50.57891,4.32
"Sub-Optimal",239.999999996508,"2020-07-18 15:31:00","2020-07-18 19:31:00",50.57985,50.58031,4.40941176470588
"Sub-Optimal",164.999999997599,"2020-07-20 05:31:00","2020-07-20 08:16:00",50.58419,50.58451,4.77666666666667
"Sub-Optimal",74.9999999989086,"2020-07-20 10:16:00","2020-07-20 11:31:00",50.58473,50.58488,4.96166666666667
"Sub-Optimal",300.000000003104,"2020-07-20 16:31:00","2020-07-20 21:31:00",50.58545,50.58602,4.42285714285714
"Sub-Optimal",435.000000004874,"2020-07-21 04:31:00","2020-07-21 11:46:00",50.58682,50.58764,4.60766666666667
"Sub-Optimal",255.000000000024,"2020-07-22 08:01:00","2020-07-22 12:16:00",50.58996,50.59044,4.82333333333333
"Sub-Optimal",210.000000004413,"2020-07-22 18:01:00","2020-07-22 21:31:00",50.5911,50.5915,4.79733333333333
"Sub-Optimal",465.000000000703,"2020-07-23 06:16:00","2020-07-23 14:01:00",50.5925,50.59338,4.3121875
"Sub-Optimal",75.0000000026432,"2020-07-23 18:46:00","2020-07-23 20:01:00",50.59392,50.59407,4.87666666666667
"Sub-Optimal",344.999999998714,"2020-07-24 08:31:00","2020-07-24 14:16:00",50.59549,50.59615,4.6675
"Sub-Optimal",255.000000003758,"2020-07-27 10:31:00","2020-07-27 14:46:00",50.60394,50.60443,4.46277777777778
"Sub-Optimal",150.000000001552,"2020-08-12 13:31:00","2020-08-12 16:01:00",50.64812,50.6484,4.84090909090909
"Sub-Optimal",120.000000005723,"2020-08-14 15:01:00","2020-08-14 17:01:00",50.65377,50.654,4.84555555555556
"Sub-Optimal",360.000000002231,"2020-08-15 00:01:00","2020-08-15 06:01:00",50.6548,50.65548,4.508
"Sub-Optimal",269.999999999806,"2020-08-16 02:16:00","2020-08-16 06:46:00",50.65779,50.65831,4.48789473684211
"Sub-Optimal",225.00000000046,"2020-08-16 15:01:00","2020-08-16 18:46:00",50.65925,50.65968,4.81375
"Sub-Optimal",74.9999999989086,"2020-08-17 06:31:00","2020-08-17 07:46:00",50.66102,50.66116,4.94333333333333
"Sub-Optimal",135.00000000177,"2020-08-26 13:16:00","2020-08-26 15:31:00",50.68645,50.6867,4.773
"Sub-Optimal",135.00000000177,"2020-08-28 02:31:00","2020-08-28 04:46:00",50.6907,50.69096,4.808
"Sub-Optimal",269.999999999806,"2020-08-28 13:16:00","2020-08-28 17:46:00",50.69193,50.69244,4.33421052631579
"Sub-Optimal",465.000000000703,"2020-08-28 23:31:00","2020-08-29 07:16:00",50.6931,50.69398,4.6134375
"Sub-Optimal",225.00000000046,"2020-08-31 15:46:00","2020-08-31 19:31:00",50.70043,50.70086,4.545
"Sub-Optimal",150.000000001552,"2020-09-01 16:31:00","2020-09-01 19:01:00",50.70326,50.70354,4.84727272727273
"Sub-Optimal",180.000000001115,"2020-09-04 11:01:00","2020-09-04 14:01:00",50.71085,50.71119,4.90846153846154
"Sub-Optimal",105.000000002207,"2020-09-09 03:01:00","2020-09-09 04:46:00",50.72363,50.72383,4.965
"Sub-Optimal",299.999999999369,"2020-09-11 07:16:00","2020-09-11 12:16:00",50.7296,50.73017,4.83
"Sub-Optimal",135.00000000177,"2021-05-12 17:16:00","2021-05-12 19:31:00",51.39649,51.39675,4.872
"Sub-Optimal",225.00000000046,"2021-05-17 08:46:00","2021-05-17 12:31:00",51.40922,51.40965,4.625
"Sub-Optimal",179.999999997381,"2021-05-17 22:31:00","2021-05-18 01:31:00",51.41079,51.41113,4.91538461538462
"Sub-Optimal",59.9999999953923,"2021-06-01 11:46:00","2021-06-01 12:46:00",51.45066,51.45077,5.02
"Sub-Optimal",180.000000001115,"2021-06-04 13:31:00","2021-06-04 16:31:00",51.45908,51.45942,4.76
"Sub-Optimal",150.000000001552,"2021-06-05 03:46:00","2021-06-05 06:16:00",51.4607,51.46099,4.86545454545455
"Sub-Optimal",254.999999996289,"2021-06-21 14:01:00","2021-06-21 18:16:00",51.50571,51.50619,4.55555555555556
"Sub-Optimal",540.000000003346,"2021-06-22 00:46:00","2021-06-22 09:46:00",51.50694,51.50796,4.69459459459459
"Sub-Optimal",135.00000000177,"2021-06-23 16:46:00","2021-06-23 19:01:00",51.5115,51.51176,4.715
"Sub-Optimal",495.000000000266,"2021-06-24 02:46:00","2021-06-24 11:01:00",51.51264,51.51359,4.47647058823529
"Sub-Optimal",210.000000004413,"2021-06-24 15:46:00","2021-06-24 19:16:00",51.51413,51.51453,4.77466666666667
"Sub-Optimal",539.999999999611,"2021-06-25 03:31:00","2021-06-25 12:31:00",51.51547,51.5165,4.01864864864865
"Sub-Optimal",179.999999997381,"2021-06-25 16:46:00","2021-06-25 19:46:00",51.51698,51.51732,4.31909090909091
"Sub-Optimal",524.999999999829,"2021-06-26 04:46:00","2021-06-26 13:31:00",51.51835,51.51935,4.45294117647059
"Sub-Optimal",150.000000001552,"2021-07-07 04:31:00","2021-07-07 07:01:00",51.54846,51.54875,4.84909090909091
"Sub-Optimal",59.9999999991269,"2021-07-10 07:46:00","2021-07-10 08:46:00",51.55705,51.55717,4.946
"Sub-Optimal",90.0000000024249,"2021-07-11 07:46:00","2021-07-11 09:16:00",51.55979,51.55996,5.03
"Sub-Optimal",359.999999998496,"2021-07-13 06:46:00","2021-07-13 12:46:00",51.56516,51.56584,4.6288
"Sub-Optimal",150.000000001552,"2021-07-14 09:46:00","2021-07-14 12:16:00",51.56824,51.56852,4.85909090909091
"Sub-Optimal",360.000000002231,"2021-07-15 08:01:00","2021-07-15 14:01:00",51.57078,51.57146,3.912
"Sub-Optimal",330.000000002667,"2021-07-15 20:16:00","2021-07-16 01:46:00",51.57218,51.5728,4.72217391304348
"Sub-Optimal",375.000000002012,"2021-07-16 09:16:00","2021-07-16 15:31:00",51.57366,51.57437,3.71307692307692
"Sub-Optimal",345.000000002449,"2021-07-16 21:01:00","2021-07-17 02:46:00",51.575,51.57566,4.77541666666667
"Sub-Optimal",314.999999999151,"2021-07-17 10:31:00","2021-07-17 15:46:00",51.57654,51.57714,4.38954545454545
"Sub-Optimal",165.000000005068,"2021-07-18 12:01:00","2021-07-18 14:46:00",51.57945,51.57977,4.97083333333333
"Sub-Optimal",134.999999998035,"2021-07-19 13:16:00","2021-07-19 15:31:00",51.58234,51.58259,4.808
"Sub-Optimal",404.999999997841,"2021-07-20 01:16:00","2021-07-20 08:01:00",51.58371,51.58448,4.8275
"Sub-Optimal",105.000000002207,"2021-07-20 14:16:00","2021-07-20 16:01:00",51.58519,51.58539,4.86625
"Sub-Optimal",329.999999995198,"2021-07-25 07:16:00","2021-07-25 12:46:00",51.59809,51.59872,4.7004347826087
"Sub-Optimal",374.999999998278,"2021-07-27 08:01:00","2021-07-27 14:16:00",51.60365,51.60437,4.68423076923077
"Sub-Optimal",315.000000002885,"2021-07-28 09:01:00","2021-07-28 14:16:00",51.60651,51.60711,4.46863636363636
"Sub-Optimal",285.000000003322,"2021-07-29 09:01:00","2021-07-29 13:46:00",51.60925,51.60979,4.7485
"Sub-Optimal",150.000000001552,"2021-07-30 11:31:00","2021-07-30 14:01:00",51.61227,51.61256,4.86181818181818
"Sub-Optimal",240.000000000242,"2021-07-31 11:16:00","2021-07-31 15:16:00",51.61498,51.61544,4.51470588235294
"Sub-Optimal",74.9999999989086,"2021-07-31 22:16:00","2021-07-31 23:31:00",51.61624,51.61638,4.92666666666667
"Sub-Optimal",225.00000000046,"2021-08-01 12:16:00","2021-08-01 16:01:00",51.61784,51.61827,4.66625
"Sub-Optimal",74.9999999989086,"2021-08-03 14:01:00","2021-08-03 15:16:00",51.62352,51.62366,4.73666666666667
"Sub-Optimal",165.000000005068,"2021-08-05 03:46:00","2021-08-05 06:31:00",51.62783,51.62814,4.81666666666667
"Sub-Optimal",345.000000002449,"2021-08-11 08:16:00","2021-08-11 14:01:00",51.64478,51.64544,4.65208333333333
"Sub-Optimal",360.000000002231,"2021-08-12 08:46:00","2021-08-12 14:46:00",51.64758,51.64826,4.5232
"Sub-Optimal",405.000000001576,"2021-08-25 08:16:00","2021-08-25 15:01:00",51.68314,51.68391,4.46678571428571
"Sub-Optimal",314.999999999151,"2021-08-30 11:16:00","2021-08-30 16:31:00",51.69718,51.69778,4.13
"Sub-Optimal",89.9999999986903,"2021-08-31 13:16:00","2021-08-31 14:46:00",51.70014,51.70032,5.01
"Sub-Optimal",120.000000001988,"2021-09-02 03:01:00","2021-09-02 05:01:00",51.70445,51.70468,4.65111111111111
"Sub-Optimal",209.999999996944,"2021-09-02 14:31:00","2021-09-02 18:01:00",51.70577,51.70617,4.61533333333333
"Sub-Optimal",359.999999998496,"2021-09-03 00:46:00","2021-09-03 06:46:00",51.70694,51.70762,4.5976
"Sub-Optimal",164.999999997599,"2021-09-03 15:16:00","2021-09-03 18:01:00",51.70859,51.70891,4.8
"Sub-Optimal",449.999999997186,"2021-09-04 02:31:00","2021-09-04 10:01:00",51.70988,51.71073,4.41161290322581
"Sub-Optimal",194.999999997162,"2021-09-04 15:31:00","2021-09-04 18:46:00",51.71136,51.71173,4.78642857142857
"Sub-Optimal",405.000000001576,"2021-09-05 04:31:00","2021-09-05 11:16:00",51.71284,51.71361,4.43142857142857
"Sub-Optimal",284.999999999587,"2021-09-08 09:16:00","2021-09-08 14:01:00",51.72161,51.72215,4.683
"Sub-Optimal",329.999999998932,"2021-09-17 03:30:00","2021-09-17 09:00:00",51.74561,51.74623,4.67391304347826
"Sub-Optimal",494.999999996531,"2021-09-17 14:15:00","2021-09-17 22:30:00",51.74683,51.74777,4.50529411764706
"Sub-Optimal",269.999999999806,"2022-05-22 09:45:00","2022-05-22 14:15:00",52.42303,52.42354,4.63736842105263
"Sub-Optimal",389.999999998059,"2022-05-22 21:45:00","2022-05-23 04:15:00",52.4244,52.42514,4.78148148148148
"Sub-Optimal",269.999999999806,"2022-06-22 11:30:00","2022-06-22 16:00:00",52.50816,52.50868,4.72263157894737
"Sub-Optimal",254.999999996289,"2022-06-22 22:45:00","2022-06-23 03:00:00",52.50945,52.50993,4.35444444444444
"Sub-Optimal",60.0000000028615,"2022-06-24 00:30:00","2022-06-24 01:30:00",52.51239,52.5125,4.862
"Sub-Optimal",405.000000001576,"2022-06-24 13:30:00","2022-06-24 20:15:00",52.51387,52.51464,4.13785714285714
"Sub-Optimal",150.000000001552,"2022-06-25","2022-06-25 02:30:00",52.51507,52.51535,4.44090909090909
"Sub-Optimal",465.000000000703,"2022-06-25 14:15:00","2022-06-25 22:00:00",52.5167,52.51758,4.030625
"Sub-Optimal",420.000000001357,"2022-06-26 00:30:00","2022-06-26 07:30:00",52.51787,52.51866,4.16846153846154
"Sub-Optimal",465.000000004437,"2022-06-26 14:45:00","2022-06-26 22:30:00",52.51949,52.52038,3.7328125
"Sub-Optimal",225.00000000046,"2022-06-27 00:30:00","2022-06-27 04:15:00",52.52061,52.52103,4.441875
"Sub-Optimal",284.999999999587,"2022-07-13 03:45:00","2022-07-13 08:30:00",52.56481,52.56535,4.4165
"Sub-Optimal",60.0000000028615,"2022-07-13 16:15:00","2022-07-13 17:15:00",52.56624,52.56635,4.544
"Sub-Optimal",89.9999999986903,"2022-07-24 14:45:00","2022-07-24 16:15:00",52.5962,52.59638,4.86857142857143
"Sub-Optimal",164.999999997599,"2022-07-26 16:00:00","2022-07-26 18:45:00",52.60183,52.60214,4.72416666666667
"Sub-Optimal",450.000000000921,"2022-08-30 06:15:00","2022-08-30 13:45:00",52.6966,52.69746,4.76322580645161
"Sub-Optimal",209.999999996944,"2022-09-10 04:30:00","2022-09-10 08:00:00",52.72654,52.72694,4.604
"Sub-Optimal",165.000000001334,"2023-06-27 12:30:00","2023-06-27 15:15:00",53.52197,53.52229,4.78916666666667
"Sub-Optimal",150.000000001552,"2023-07-20 10:30:00","2023-07-20 13:00:00",53.58476,53.58505,4.93454545454545
"Sub-Optimal",135.00000000177,"2023-07-21 11:15:00","2023-07-21 13:30:00",53.58759,53.58784,4.936
"Sub-Optimal",119.999999998254,"2023-08-06 13:00:00","2023-08-06 15:00:00",53.63162,53.63185,4.92333333333333
"Sub-Optimal",120.000000001988,"2023-08-25 13:15:00","2023-08-25 15:15:00",53.6837,53.68393,4.77222222222222
"Sub-Optimal",360.000000002231,"2024-05-17 00:15:00","2024-05-17 06:15:00",54.41099,54.41167,4.7984
"Sub-Optimal",239.999999996508,"2024-06-01 12:15:00","2024-06-01 16:15:00",54.45345,54.45391,4.53941176470588
"Sub-Optimal",195.000000000897,"2024-06-10 07:30:00","2024-06-10 10:45:00",54.47757,54.47794,4.83214285714286
"Sub-Optimal",210.000000000679,"2024-06-10 20:00:00","2024-06-10 23:30:00",54.479,54.47939,4.62133333333333
"Sub-Optimal",360.000000002231,"2024-06-11 06:45:00","2024-06-11 12:45:00",54.48022,54.48091,4.7688
"Sub-Optimal",104.999999994737,"2024-06-11 22:00:00","2024-06-11 23:45:00",54.48196,54.48216,5.00875
"Sub-Optimal",165.000000005068,"2024-06-12 10:15:00","2024-06-12 13:00:00",54.48336,54.48368,4.7075
"Sub-Optimal",405.000000001576,"2024-06-14 23:15:00","2024-06-15 06:00:00",54.49033,54.4911,4.23535714285714
"Sub-Optimal",225.00000000046,"2024-06-15 12:30:00","2024-06-15 16:15:00",54.49184,54.49227,4.615625
"Sub-Optimal",239.999999996508,"2024-06-19 15:15:00","2024-06-19 19:15:00",54.50311,54.50357,4.53705882352941
"Sub-Optimal",359.999999998496,"2024-06-20 01:30:00","2024-06-20 07:30:00",54.50428,54.50497,4.3212
"Sub-Optimal",180.000000001115,"2024-06-20 15:45:00","2024-06-20 18:45:00",54.50591,54.50625,4.87
"Sub-Optimal",314.999999999151,"2024-06-21 03:00:00","2024-06-21 08:15:00",54.50719,54.50779,4.05136363636364
"Sub-Optimal",180.000000001115,"2024-06-22 05:15:00","2024-06-22 08:15:00",54.51019,54.51053,4.71692307692308
"Sub-Optimal",135.00000000177,"2024-06-22 17:45:00","2024-06-22 20:00:00",54.51162,54.51187,4.956
"Sub-Optimal",390.000000005529,"2024-06-26 07:15:00","2024-06-26 13:45:00",54.52138,54.52212,4.61148148148148
"Sub-Optimal",225.00000000046,"2024-07-05 16:45:00","2024-07-05 20:30:00",54.54712,54.54755,4.768125
"Sub-Optimal",59.9999999991269,"2024-07-06 17:00:00","2024-07-06 18:00:00",54.54989,54.55,4.978
"Sub-Optimal",435.000000001139,"2024-07-07 04:45:00","2024-07-07 12:00:00",54.55123,54.55205,4.76666666666667
"Sub-Optimal",180.000000001115,"2024-07-07 17:45:00","2024-07-07 20:45:00",54.55271,54.55305,4.67846153846154
"Sub-Optimal",464.999999996968,"2024-07-08 05:30:00","2024-07-08 13:15:00",54.55405,54.55494,4.3725
"Sub-Optimal",225.00000000046,"2024-07-08 18:15:00","2024-07-08 22:00:00",54.55551,54.55594,4.585
"Sub-Optimal",450.000000000921,"2024-07-09 06:15:00","2024-07-09 13:45:00",54.55688,54.55773,4.13838709677419
"Sub-Optimal",135.00000000177,"2024-07-09 18:45:00","2024-07-09 21:00:00",54.5583,54.55856,4.625
"Sub-Optimal",300.000000003104,"2024-07-10 07:15:00","2024-07-10 12:15:00",54.55973,54.5603,4.1
"Sub-Optimal",449.999999997186,"2024-08-09 08:45:00","2024-08-09 16:15:00",54.64209,54.64295,4.33
"Sub-Optimal",329.999999995198,"2024-08-10 10:45:00","2024-08-10 16:15:00",54.64506,54.64569,4.6695652173913
"Sub-Optimal",164.999999997599,"2024-08-11 12:45:00","2024-08-11 15:30:00",54.64803,54.64834,4.87916666666667
"Sub-Optimal",134.999999998035,"2024-09-05 11:30:00","2024-09-05 13:45:00",54.71638,54.71664,4.989
